Anand,(1971),8.7,www.imdb.com/title/tt0066763/?pf_rd_m=A2FGELUUNOQJNL&pf_rd_p=3055660582&pf_rd_r=0NBHS4NSMKQ377TJ9TYS&pf_rd_s=center-4&pf_rd_t=60601&pf_rd_i=india.top-rated-indian-movies&ref_=fea_india_ss_wrap_tt_1
Drishyam,(2013),8.6,www.imdb.com/title/tt3417422/?pf_rd_m=A2FGELUUNOQJNL&pf_rd_p=3055660582&pf_rd_r=0NBHS4NSMKQ377TJ9TYS&pf_rd_s=center-4&pf_rd_t=60601&pf_rd_i=india.top-rated-indian-movies&ref_=fea_india_ss_wrap_tt_2
Nayakan,(1987),8.6,www.imdb.com/title/tt0093603/?pf_rd_m=A2FGELUUNOQJNL&pf_rd_p=3055660582&pf_rd_r=0NBHS4NSMKQ377TJ9TYS&pf_rd_s=center-4&pf_rd_t=60601&pf_rd_i=india.top-rated-indian-movies&ref_=fea_india_ss_wrap_tt_3
Anbe Sivam,(2003),8.6,www.imdb.com/title/tt0367495/?pf_rd_m=A2FGELUUNOQJNL&pf_rd_p=3055660582&pf_rd_r=0NBHS4NSMKQ377TJ9TYS&pf_rd_s=center-4&pf_rd_t=60601&pf_rd_i=india.top-rated-indian-movies&ref_=fea_india_ss_wrap_tt_4
Gol Maal,(1979),8.5,www.imdb.com/title/tt0079221/?pf_rd_m=A2FGELUUNOQJNL&pf_rd_p=3055660582&pf_rd_r=0NBHS4NSMKQ377TJ9TYS&pf_rd_s=center-4&pf_rd_t=60601&pf_rd_i=india.top-rated-indian-movies&ref_=fea_india_ss_wrap_tt_5
Dangal,(2016),8.5,www.imdb.com/title/tt5074352/?pf_rd_m=A2FGELUUNOQJNL&pf_rd_p=3055660582&pf_rd_r=0NBHS4NSMKQ377TJ9TYS&pf_rd_s=center-4&pf_rd_t=60601&pf_rd_i=india.top-rated-indian-movies&ref_=fea_india_ss_wrap_tt_6
Black Friday,(2004),8.5,www.imdb.com/title/tt0400234/?pf_rd_m=A2FGELUUNOQJNL&pf_rd_p=3055660582&pf_rd_r=0NBHS4NSMKQ377TJ9TYS&pf_rd_s=center-4&pf_rd_t=60601&pf_rd_i=india.top-rated-indian-movies&ref_=fea_india_ss_wrap_tt_7
Vikram Vedha,(2017),8.4,www.imdb.com/title/tt6148156/?pf_rd_m=A2FGELUUNOQJNL&pf_rd_p=3055660582&pf_rd_r=0NBHS4NSMKQ377TJ9TYS&pf_rd_s=center-4&pf_rd_t=60601&pf_rd_i=india.top-rated-indian-movies&ref_=fea_india_ss_wrap_tt_8
Taare Zameen Par,(2007),8.4,www.imdb.com/title/tt0986264/?pf_rd_m=A2FGELUUNOQJNL&pf_rd_p=3055660582&pf_rd_r=0NBHS4NSMKQ377TJ9TYS&pf_rd_s=center-4&pf_rd_t=60601&pf_rd_i=india.top-rated-indian-movies&ref_=fea_india_ss_wrap_tt_9
Jaane Bhi Do Yaaro,(1983),8.4,www.imdb.com/title/tt0085743/?pf_rd_m=A2FGELUUNOQJNL&pf_rd_p=3055660582&pf_rd_r=0NBHS4NSMKQ377TJ9TYS&pf_rd_s=center-4&pf_rd_t=60601&pf_rd_i=india.top-rated-indian-movies&ref_=fea_india_ss_wrap_tt_10
3 Idiots,(2009),8.4,www.imdb.com/title/tt1187043/?pf_rd_m=A2FGELUUNOQJNL&pf_rd_p=3055660582&pf_rd_r=0NBHS4NSMKQ377TJ9TYS&pf_rd_s=center-4&pf_rd_t=60601&pf_rd_i=india.top-rated-indian-movies&ref_=fea_india_ss_wrap_tt_11
Pather Panchali,(1955),8.4,www.imdb.com/title/tt0048473/?pf_rd_m=A2FGELUUNOQJNL&pf_rd_p=3055660582&pf_rd_r=0NBHS4NSMKQ377TJ9TYS&pf_rd_s=center-4&pf_rd_t=60601&pf_rd_i=india.top-rated-indian-movies&ref_=fea_india_ss_wrap_tt_12
Chupke Chupke,(1975),8.3,www.imdb.com/title/tt0072783/?pf_rd_m=A2FGELUUNOQJNL&pf_rd_p=3055660582&pf_rd_r=0NBHS4NSMKQ377TJ9TYS&pf_rd_s=center-4&pf_rd_t=60601&pf_rd_i=india.top-rated-indian-movies&ref_=fea_india_ss_wrap_tt_13
Thalapathi,(1991),8.3,www.imdb.com/title/tt0101649/?pf_rd_m=A2FGELUUNOQJNL&pf_rd_p=3055660582&pf_rd_r=0NBHS4NSMKQ377TJ9TYS&pf_rd_s=center-4&pf_rd_t=60601&pf_rd_i=india.top-rated-indian-movies&ref_=fea_india_ss_wrap_tt_14
Guide,(1965),8.3,www.imdb.com/title/tt0059246/?pf_rd_m=A2FGELUUNOQJNL&pf_rd_p=3055660582&pf_rd_r=0NBHS4NSMKQ377TJ9TYS&pf_rd_s=center-4&pf_rd_t=60601&pf_rd_i=india.top-rated-indian-movies&ref_=fea_india_ss_wrap_tt_15
Thani Oruvan,(2015),8.3,www.imdb.com/title/tt4987556/?pf_rd_m=A2FGELUUNOQJNL&pf_rd_p=3055660582&pf_rd_r=0NBHS4NSMKQ377TJ9TYS&pf_rd_s=center-4&pf_rd_t=60601&pf_rd_i=india.top-rated-indian-movies&ref_=fea_india_ss_wrap_tt_16
Khosla Ka Ghosla!,(2006),8.3,www.imdb.com/title/tt0466460/?pf_rd_m=A2FGELUUNOQJNL&pf_rd_p=3055660582&pf_rd_r=0NBHS4NSMKQ377TJ9TYS&pf_rd_s=center-4&pf_rd_t=60601&pf_rd_i=india.top-rated-indian-movies&ref_=fea_india_ss_wrap_tt_17
Kannathil Muthamittal,(2002),8.2,www.imdb.com/title/tt0312859/?pf_rd_m=A2FGELUUNOQJNL&pf_rd_p=3055660582&pf_rd_r=0NBHS4NSMKQ377TJ9TYS&pf_rd_s=center-4&pf_rd_t=60601&pf_rd_i=india.top-rated-indian-movies&ref_=fea_india_ss_wrap_tt_18
Rang De Basanti,(2006),8.2,www.imdb.com/title/tt0405508/?pf_rd_m=A2FGELUUNOQJNL&pf_rd_p=3055660582&pf_rd_r=0NBHS4NSMKQ377TJ9TYS&pf_rd_s=center-4&pf_rd_t=60601&pf_rd_i=india.top-rated-indian-movies&ref_=fea_india_ss_wrap_tt_19
Dhuruvangal Pathinaaru,(2016),8.2,www.imdb.com/title/tt6380520/?pf_rd_m=A2FGELUUNOQJNL&pf_rd_p=3055660582&pf_rd_r=0NBHS4NSMKQ377TJ9TYS&pf_rd_s=center-4&pf_rd_t=60601&pf_rd_i=india.top-rated-indian-movies&ref_=fea_india_ss_wrap_tt_20
A Wednesday,(2008),8.2,www.imdb.com/title/tt1280558/?pf_rd_m=A2FGELUUNOQJNL&pf_rd_p=3055660582&pf_rd_r=0NBHS4NSMKQ377TJ9TYS&pf_rd_s=center-4&pf_rd_t=60601&pf_rd_i=india.top-rated-indian-movies&ref_=fea_india_ss_wrap_tt_21
Drishyam,(2015),8.2,www.imdb.com/title/tt4430212/?pf_rd_m=A2FGELUUNOQJNL&pf_rd_p=3055660582&pf_rd_r=0NBHS4NSMKQ377TJ9TYS&pf_rd_s=center-4&pf_rd_t=60601&pf_rd_i=india.top-rated-indian-movies&ref_=fea_india_ss_wrap_tt_22
Talvar,(2015),8.2,www.imdb.com/title/tt4934950/?pf_rd_m=A2FGELUUNOQJNL&pf_rd_p=3055660582&pf_rd_r=0NBHS4NSMKQ377TJ9TYS&pf_rd_s=center-4&pf_rd_t=60601&pf_rd_i=india.top-rated-indian-movies&ref_=fea_india_ss_wrap_tt_23
Apur Sansar,(1959),8.2,www.imdb.com/title/tt0052572/?pf_rd_m=A2FGELUUNOQJNL&pf_rd_p=3055660582&pf_rd_r=0NBHS4NSMKQ377TJ9TYS&pf_rd_s=center-4&pf_rd_t=60601&pf_rd_i=india.top-rated-indian-movies&ref_=fea_india_ss_wrap_tt_24
Soodhu Kavvum,(2013),8.2,www.imdb.com/title/tt2877108/?pf_rd_m=A2FGELUUNOQJNL&pf_rd_p=3055660582&pf_rd_r=0NBHS4NSMKQ377TJ9TYS&pf_rd_s=center-4&pf_rd_t=60601&pf_rd_i=india.top-rated-indian-movies&ref_=fea_india_ss_wrap_tt_25
Queen,(2013),8.2,www.imdb.com/title/tt3322420/?pf_rd_m=A2FGELUUNOQJNL&pf_rd_p=3055660582&pf_rd_r=0NBHS4NSMKQ377TJ9TYS&pf_rd_s=center-4&pf_rd_t=60601&pf_rd_i=india.top-rated-indian-movies&ref_=fea_india_ss_wrap_tt_26
Paan Singh Tomar,(2012),8.2,www.imdb.com/title/tt1620933/?pf_rd_m=A2FGELUUNOQJNL&pf_rd_p=3055660582&pf_rd_r=0NBHS4NSMKQ377TJ9TYS&pf_rd_s=center-4&pf_rd_t=60601&pf_rd_i=india.top-rated-indian-movies&ref_=fea_india_ss_wrap_tt_27
Shahid,(2012),8.2,www.imdb.com/title/tt2181831/?pf_rd_m=A2FGELUUNOQJNL&pf_rd_p=3055660582&pf_rd_r=0NBHS4NSMKQ377TJ9TYS&pf_rd_s=center-4&pf_rd_t=60601&pf_rd_i=india.top-rated-indian-movies&ref_=fea_india_ss_wrap_tt_28
Black,(2005),8.2,www.imdb.com/title/tt0375611/?pf_rd_m=A2FGELUUNOQJNL&pf_rd_p=3055660582&pf_rd_r=0NBHS4NSMKQ377TJ9TYS&pf_rd_s=center-4&pf_rd_t=60601&pf_rd_i=india.top-rated-indian-movies&ref_=fea_india_ss_wrap_tt_29
Hera Pheri,(2000),8.2,www.imdb.com/title/tt0242519/?pf_rd_m=A2FGELUUNOQJNL&pf_rd_p=3055660582&pf_rd_r=0NBHS4NSMKQ377TJ9TYS&pf_rd_s=center-4&pf_rd_t=60601&pf_rd_i=india.top-rated-indian-movies&ref_=fea_india_ss_wrap_tt_30
Swades: We, the People,(2004),8.2,www.imdb.com/title/tt0367110/?pf_rd_m=A2FGELUUNOQJNL&pf_rd_p=3055660582&pf_rd_r=0NBHS4NSMKQ377TJ9TYS&pf_rd_s=center-4&pf_rd_t=60601&pf_rd_i=india.top-rated-indian-movies&ref_=fea_india_ss_wrap_tt_31
Sholay,(1975),8.2,www.imdb.com/title/tt0073707/?pf_rd_m=A2FGELUUNOQJNL&pf_rd_p=3055660582&pf_rd_r=0NBHS4NSMKQ377TJ9TYS&pf_rd_s=center-4&pf_rd_t=60601&pf_rd_i=india.top-rated-indian-movies&ref_=fea_india_ss_wrap_tt_32
Jigarthanda,(2014),8.2,www.imdb.com/title/tt3569782/?pf_rd_m=A2FGELUUNOQJNL&pf_rd_p=3055660582&pf_rd_r=0NBHS4NSMKQ377TJ9TYS&pf_rd_s=center-4&pf_rd_t=60601&pf_rd_i=india.top-rated-indian-movies&ref_=fea_india_ss_wrap_tt_33
Jo Jeeta Wohi Sikandar,(1992),8.2,www.imdb.com/title/tt0104561/?pf_rd_m=A2FGELUUNOQJNL&pf_rd_p=3055660582&pf_rd_r=0NBHS4NSMKQ377TJ9TYS&pf_rd_s=center-4&pf_rd_t=60601&pf_rd_i=india.top-rated-indian-movies&ref_=fea_india_ss_wrap_tt_34
Gangs of Wasseypur,(2012),8.2,www.imdb.com/title/tt1954470/?pf_rd_m=A2FGELUUNOQJNL&pf_rd_p=3055660582&pf_rd_r=0NBHS4NSMKQ377TJ9TYS&pf_rd_s=center-4&pf_rd_t=60601&pf_rd_i=india.top-rated-indian-movies&ref_=fea_india_ss_wrap_tt_35
Bhaag Milkha Bhaag,(2013),8.1,www.imdb.com/title/tt2356180/?pf_rd_m=A2FGELUUNOQJNL&pf_rd_p=3055660582&pf_rd_r=0NBHS4NSMKQ377TJ9TYS&pf_rd_s=center-4&pf_rd_t=60601&pf_rd_i=india.top-rated-indian-movies&ref_=fea_india_ss_wrap_tt_36
OMG: Oh My God!,(2012),8.1,www.imdb.com/title/tt2283748/?pf_rd_m=A2FGELUUNOQJNL&pf_rd_p=3055660582&pf_rd_r=0NBHS4NSMKQ377TJ9TYS&pf_rd_s=center-4&pf_rd_t=60601&pf_rd_i=india.top-rated-indian-movies&ref_=fea_india_ss_wrap_tt_37
Andaz Apna Apna,(1994),8.1,www.imdb.com/title/tt0109117/?pf_rd_m=A2FGELUUNOQJNL&pf_rd_p=3055660582&pf_rd_r=0NBHS4NSMKQ377TJ9TYS&pf_rd_s=center-4&pf_rd_t=60601&pf_rd_i=india.top-rated-indian-movies&ref_=fea_india_ss_wrap_tt_38
Satya,(1998),8.1,www.imdb.com/title/tt0195231/?pf_rd_m=A2FGELUUNOQJNL&pf_rd_p=3055660582&pf_rd_r=0NBHS4NSMKQ377TJ9TYS&pf_rd_s=center-4&pf_rd_t=60601&pf_rd_i=india.top-rated-indian-movies&ref_=fea_india_ss_wrap_tt_39
Kahaani,(2012),8.1,www.imdb.com/title/tt1821480/?pf_rd_m=A2FGELUUNOQJNL&pf_rd_p=3055660582&pf_rd_r=0NBHS4NSMKQ377TJ9TYS&pf_rd_s=center-4&pf_rd_t=60601&pf_rd_i=india.top-rated-indian-movies&ref_=fea_india_ss_wrap_tt_40
Chak De! India,(2007),8.1,www.imdb.com/title/tt0871510/?pf_rd_m=A2FGELUUNOQJNL&pf_rd_p=3055660582&pf_rd_r=0NBHS4NSMKQ377TJ9TYS&pf_rd_s=center-4&pf_rd_t=60601&pf_rd_i=india.top-rated-indian-movies&ref_=fea_india_ss_wrap_tt_41
Aparajito,(1956),8.1,www.imdb.com/title/tt0048956/?pf_rd_m=A2FGELUUNOQJNL&pf_rd_p=3055660582&pf_rd_r=0NBHS4NSMKQ377TJ9TYS&pf_rd_s=center-4&pf_rd_t=60601&pf_rd_i=india.top-rated-indian-movies&ref_=fea_india_ss_wrap_tt_42
Munna Bhai M.B.B.S.,(2003),8.1,www.imdb.com/title/tt0374887/?pf_rd_m=A2FGELUUNOQJNL&pf_rd_p=3055660582&pf_rd_r=0NBHS4NSMKQ377TJ9TYS&pf_rd_s=center-4&pf_rd_t=60601&pf_rd_i=india.top-rated-indian-movies&ref_=fea_india_ss_wrap_tt_43
Premam,(2015),8.1,www.imdb.com/title/tt4679210/?pf_rd_m=A2FGELUUNOQJNL&pf_rd_p=3055660582&pf_rd_r=0NBHS4NSMKQ377TJ9TYS&pf_rd_s=center-4&pf_rd_t=60601&pf_rd_i=india.top-rated-indian-movies&ref_=fea_india_ss_wrap_tt_44
Udaan,(2010),8.1,www.imdb.com/title/tt1639426/?pf_rd_m=A2FGELUUNOQJNL&pf_rd_p=3055660582&pf_rd_r=0NBHS4NSMKQ377TJ9TYS&pf_rd_s=center-4&pf_rd_t=60601&pf_rd_i=india.top-rated-indian-movies&ref_=fea_india_ss_wrap_tt_45
Dil Chahta Hai,(2001),8.1,www.imdb.com/title/tt0292490/?pf_rd_m=A2FGELUUNOQJNL&pf_rd_p=3055660582&pf_rd_r=0NBHS4NSMKQ377TJ9TYS&pf_rd_s=center-4&pf_rd_t=60601&pf_rd_i=india.top-rated-indian-movies&ref_=fea_india_ss_wrap_tt_46
Ustad Hotel,(2012),8.1,www.imdb.com/title/tt2218988/?pf_rd_m=A2FGELUUNOQJNL&pf_rd_p=3055660582&pf_rd_r=0NBHS4NSMKQ377TJ9TYS&pf_rd_s=center-4&pf_rd_t=60601&pf_rd_i=india.top-rated-indian-movies&ref_=fea_india_ss_wrap_tt_47
Pink,(2016),8.1,www.imdb.com/title/tt5571734/?pf_rd_m=A2FGELUUNOQJNL&pf_rd_p=3055660582&pf_rd_r=0NBHS4NSMKQ377TJ9TYS&pf_rd_s=center-4&pf_rd_t=60601&pf_rd_i=india.top-rated-indian-movies&ref_=fea_india_ss_wrap_tt_48
Roja,(1992),8.1,www.imdb.com/title/tt0105271/?pf_rd_m=A2FGELUUNOQJNL&pf_rd_p=3055660582&pf_rd_r=0NBHS4NSMKQ377TJ9TYS&pf_rd_s=center-4&pf_rd_t=60601&pf_rd_i=india.top-rated-indian-movies&ref_=fea_india_ss_wrap_tt_49
Bangalore Days,(2014),8.1,www.imdb.com/title/tt3668162/?pf_rd_m=A2FGELUUNOQJNL&pf_rd_p=3055660582&pf_rd_r=0NBHS4NSMKQ377TJ9TYS&pf_rd_s=center-4&pf_rd_t=60601&pf_rd_i=india.top-rated-indian-movies&ref_=fea_india_ss_wrap_tt_50
Lagaan: Once Upon a Time in India,(2001),8.1,www.imdb.com/title/tt0169102/?pf_rd_m=A2FGELUUNOQJNL&pf_rd_p=3055660582&pf_rd_r=0NBHS4NSMKQ377TJ9TYS&pf_rd_s=center-4&pf_rd_t=60601&pf_rd_i=india.top-rated-indian-movies&ref_=fea_india_ss_wrap_tt_51
Sarfarosh,(1999),8.1,www.imdb.com/title/tt0200087/?pf_rd_m=A2FGELUUNOQJNL&pf_rd_p=3055660582&pf_rd_r=0NBHS4NSMKQ377TJ9TYS&pf_rd_s=center-4&pf_rd_t=60601&pf_rd_i=india.top-rated-indian-movies&ref_=fea_india_ss_wrap_tt_52
PK,(2014),8.1,www.imdb.com/title/tt2338151/?pf_rd_m=A2FGELUUNOQJNL&pf_rd_p=3055660582&pf_rd_r=0NBHS4NSMKQ377TJ9TYS&pf_rd_s=center-4&pf_rd_t=60601&pf_rd_i=india.top-rated-indian-movies&ref_=fea_india_ss_wrap_tt_53
Iqbal,(2005),8.1,www.imdb.com/title/tt0453729/?pf_rd_m=A2FGELUUNOQJNL&pf_rd_p=3055660582&pf_rd_r=0NBHS4NSMKQ377TJ9TYS&pf_rd_s=center-4&pf_rd_t=60601&pf_rd_i=india.top-rated-indian-movies&ref_=fea_india_ss_wrap_tt_54
Arjun Reddy,(2017),8.1,www.imdb.com/title/tt7294534/?pf_rd_m=A2FGELUUNOQJNL&pf_rd_p=3055660582&pf_rd_r=0NBHS4NSMKQ377TJ9TYS&pf_rd_s=center-4&pf_rd_t=60601&pf_rd_i=india.top-rated-indian-movies&ref_=fea_india_ss_wrap_tt_55
Maqbool,(2003),8.1,www.imdb.com/title/tt0379370/?pf_rd_m=A2FGELUUNOQJNL&pf_rd_p=3055660582&pf_rd_r=0NBHS4NSMKQ377TJ9TYS&pf_rd_s=center-4&pf_rd_t=60601&pf_rd_i=india.top-rated-indian-movies&ref_=fea_india_ss_wrap_tt_56
Sairat,(2016),8.1,www.imdb.com/title/tt5312232/?pf_rd_m=A2FGELUUNOQJNL&pf_rd_p=3055660582&pf_rd_r=0NBHS4NSMKQ377TJ9TYS&pf_rd_s=center-4&pf_rd_t=60601&pf_rd_i=india.top-rated-indian-movies&ref_=fea_india_ss_wrap_tt_57
Zindagi Na Milegi Dobara,(2011),8.1,www.imdb.com/title/tt1562872/?pf_rd_m=A2FGELUUNOQJNL&pf_rd_p=3055660582&pf_rd_r=0NBHS4NSMKQ377TJ9TYS&pf_rd_s=center-4&pf_rd_t=60601&pf_rd_i=india.top-rated-indian-movies&ref_=fea_india_ss_wrap_tt_58
Baahubali 2: The Conclusion,(2017),8.1,www.imdb.com/title/tt4849438/?pf_rd_m=A2FGELUUNOQJNL&pf_rd_p=3055660582&pf_rd_r=0NBHS4NSMKQ377TJ9TYS&pf_rd_s=center-4&pf_rd_t=60601&pf_rd_i=india.top-rated-indian-movies&ref_=fea_india_ss_wrap_tt_59
Omkara,(2006),8.1,www.imdb.com/title/tt0488414/?pf_rd_m=A2FGELUUNOQJNL&pf_rd_p=3055660582&pf_rd_r=0NBHS4NSMKQ377TJ9TYS&pf_rd_s=center-4&pf_rd_t=60601&pf_rd_i=india.top-rated-indian-movies&ref_=fea_india_ss_wrap_tt_60
Anniyan,(2005),8.1,www.imdb.com/title/tt0376127/?pf_rd_m=A2FGELUUNOQJNL&pf_rd_p=3055660582&pf_rd_r=0NBHS4NSMKQ377TJ9TYS&pf_rd_s=center-4&pf_rd_t=60601&pf_rd_i=india.top-rated-indian-movies&ref_=fea_india_ss_wrap_tt_61
Bommarillu,(2006),8.1,www.imdb.com/title/tt0843326/?pf_rd_m=A2FGELUUNOQJNL&pf_rd_p=3055660582&pf_rd_r=0NBHS4NSMKQ377TJ9TYS&pf_rd_s=center-4&pf_rd_t=60601&pf_rd_i=india.top-rated-indian-movies&ref_=fea_india_ss_wrap_tt_62
Lage Raho Munna Bhai,(2006),8.1,www.imdb.com/title/tt0456144/?pf_rd_m=A2FGELUUNOQJNL&pf_rd_p=3055660582&pf_rd_r=0NBHS4NSMKQ377TJ9TYS&pf_rd_s=center-4&pf_rd_t=60601&pf_rd_i=india.top-rated-indian-movies&ref_=fea_india_ss_wrap_tt_63
Baasha,(1995),8.1,www.imdb.com/title/tt0139876/?pf_rd_m=A2FGELUUNOQJNL&pf_rd_p=3055660582&pf_rd_r=0NBHS4NSMKQ377TJ9TYS&pf_rd_s=center-4&pf_rd_t=60601&pf_rd_i=india.top-rated-indian-movies&ref_=fea_india_ss_wrap_tt_64
Barfi!,(2012),8.0,www.imdb.com/title/tt2082197/?pf_rd_m=A2FGELUUNOQJNL&pf_rd_p=3055660582&pf_rd_r=0NBHS4NSMKQ377TJ9TYS&pf_rd_s=center-4&pf_rd_t=60601&pf_rd_i=india.top-rated-indian-movies&ref_=fea_india_ss_wrap_tt_65
Ugly,(2013),8.0,www.imdb.com/title/tt2882328/?pf_rd_m=A2FGELUUNOQJNL&pf_rd_p=3055660582&pf_rd_r=0NBHS4NSMKQ377TJ9TYS&pf_rd_s=center-4&pf_rd_t=60601&pf_rd_i=india.top-rated-indian-movies&ref_=fea_india_ss_wrap_tt_66
The Legend of Bhagat Singh,(2002),8.0,www.imdb.com/title/tt0319736/?pf_rd_m=A2FGELUUNOQJNL&pf_rd_p=3055660582&pf_rd_r=0NBHS4NSMKQ377TJ9TYS&pf_rd_s=center-4&pf_rd_t=60601&pf_rd_i=india.top-rated-indian-movies&ref_=fea_india_ss_wrap_tt_67
Dilwale Dulhania Le Jayenge,(1995),8.0,www.imdb.com/title/tt0112870/?pf_rd_m=A2FGELUUNOQJNL&pf_rd_p=3055660582&pf_rd_r=0NBHS4NSMKQ377TJ9TYS&pf_rd_s=center-4&pf_rd_t=60601&pf_rd_i=india.top-rated-indian-movies&ref_=fea_india_ss_wrap_tt_68
Mother India,(1957),8.0,www.imdb.com/title/tt0050188/?pf_rd_m=A2FGELUUNOQJNL&pf_rd_p=3055660582&pf_rd_r=0NBHS4NSMKQ377TJ9TYS&pf_rd_s=center-4&pf_rd_t=60601&pf_rd_i=india.top-rated-indian-movies&ref_=fea_india_ss_wrap_tt_69
Deewaar,(1975),8.0,www.imdb.com/title/tt0072860/?pf_rd_m=A2FGELUUNOQJNL&pf_rd_p=3055660582&pf_rd_r=0NBHS4NSMKQ377TJ9TYS&pf_rd_s=center-4&pf_rd_t=60601&pf_rd_i=india.top-rated-indian-movies&ref_=fea_india_ss_wrap_tt_70
Haider,(2014),8.0,www.imdb.com/title/tt3390572/?pf_rd_m=A2FGELUUNOQJNL&pf_rd_p=3055660582&pf_rd_r=0NBHS4NSMKQ377TJ9TYS&pf_rd_s=center-4&pf_rd_t=60601&pf_rd_i=india.top-rated-indian-movies&ref_=fea_india_ss_wrap_tt_71
Masaan,(2015),8.0,www.imdb.com/title/tt4635372/?pf_rd_m=A2FGELUUNOQJNL&pf_rd_p=3055660582&pf_rd_r=0NBHS4NSMKQ377TJ9TYS&pf_rd_s=center-4&pf_rd_t=60601&pf_rd_i=india.top-rated-indian-movies&ref_=fea_india_ss_wrap_tt_72
Bombay,(1995),8.0,www.imdb.com/title/tt0112553/?pf_rd_m=A2FGELUUNOQJNL&pf_rd_p=3055660582&pf_rd_r=0NBHS4NSMKQ377TJ9TYS&pf_rd_s=center-4&pf_rd_t=60601&pf_rd_i=india.top-rated-indian-movies&ref_=fea_india_ss_wrap_tt_73
Gulaal,(2009),8.0,www.imdb.com/title/tt1261047/?pf_rd_m=A2FGELUUNOQJNL&pf_rd_p=3055660582&pf_rd_r=0NBHS4NSMKQ377TJ9TYS&pf_rd_s=center-4&pf_rd_t=60601&pf_rd_i=india.top-rated-indian-movies&ref_=fea_india_ss_wrap_tt_74
Dev.D,(2009),8.0,www.imdb.com/title/tt1327035/?pf_rd_m=A2FGELUUNOQJNL&pf_rd_p=3055660582&pf_rd_r=0NBHS4NSMKQ377TJ9TYS&pf_rd_s=center-4&pf_rd_t=60601&pf_rd_i=india.top-rated-indian-movies&ref_=fea_india_ss_wrap_tt_75
Athadu,(2005),8.0,www.imdb.com/title/tt0471571/?pf_rd_m=A2FGELUUNOQJNL&pf_rd_p=3055660582&pf_rd_r=0NBHS4NSMKQ377TJ9TYS&pf_rd_s=center-4&pf_rd_t=60601&pf_rd_i=india.top-rated-indian-movies&ref_=fea_india_ss_wrap_tt_76
Lucia,(2013),8.0,www.imdb.com/title/tt2358592/?pf_rd_m=A2FGELUUNOQJNL&pf_rd_p=3055660582&pf_rd_r=0NBHS4NSMKQ377TJ9TYS&pf_rd_s=center-4&pf_rd_t=60601&pf_rd_i=india.top-rated-indian-movies&ref_=fea_india_ss_wrap_tt_77
Special Chabbis,(2013),8.0,www.imdb.com/title/tt2377938/?pf_rd_m=A2FGELUUNOQJNL&pf_rd_p=3055660582&pf_rd_r=0NBHS4NSMKQ377TJ9TYS&pf_rd_s=center-4&pf_rd_t=60601&pf_rd_i=india.top-rated-indian-movies&ref_=fea_india_ss_wrap_tt_78
Company,(2002),8.0,www.imdb.com/title/tt0296574/?pf_rd_m=A2FGELUUNOQJNL&pf_rd_p=3055660582&pf_rd_r=0NBHS4NSMKQ377TJ9TYS&pf_rd_s=center-4&pf_rd_t=60601&pf_rd_i=india.top-rated-indian-movies&ref_=fea_india_ss_wrap_tt_79
Indian,(1996),8.0,www.imdb.com/title/tt0116630/?pf_rd_m=A2FGELUUNOQJNL&pf_rd_p=3055660582&pf_rd_r=0NBHS4NSMKQ377TJ9TYS&pf_rd_s=center-4&pf_rd_t=60601&pf_rd_i=india.top-rated-indian-movies&ref_=fea_india_ss_wrap_tt_80
Secret Superstar,(2017),7.9,www.imdb.com/title/tt6108090/?pf_rd_m=A2FGELUUNOQJNL&pf_rd_p=3055660582&pf_rd_r=0NBHS4NSMKQ377TJ9TYS&pf_rd_s=center-4&pf_rd_t=60601&pf_rd_i=india.top-rated-indian-movies&ref_=fea_india_ss_wrap_tt_81
Vaastav: The Reality,(1999),7.9,www.imdb.com/title/tt0220832/?pf_rd_m=A2FGELUUNOQJNL&pf_rd_p=3055660582&pf_rd_r=0NBHS4NSMKQ377TJ9TYS&pf_rd_s=center-4&pf_rd_t=60601&pf_rd_i=india.top-rated-indian-movies&ref_=fea_india_ss_wrap_tt_82
Jab We Met,(2007),7.9,www.imdb.com/title/tt1093370/?pf_rd_m=A2FGELUUNOQJNL&pf_rd_p=3055660582&pf_rd_r=0NBHS4NSMKQ377TJ9TYS&pf_rd_s=center-4&pf_rd_t=60601&pf_rd_i=india.top-rated-indian-movies&ref_=fea_india_ss_wrap_tt_83
Manjhi: The Mountain Man,(2015),7.9,www.imdb.com/title/tt3449292/?pf_rd_m=A2FGELUUNOQJNL&pf_rd_p=3055660582&pf_rd_r=0NBHS4NSMKQ377TJ9TYS&pf_rd_s=center-4&pf_rd_t=60601&pf_rd_i=india.top-rated-indian-movies&ref_=fea_india_ss_wrap_tt_84
Bajrangi Bhaijaan,(2015),7.9,www.imdb.com/title/tt3863552/?pf_rd_m=A2FGELUUNOQJNL&pf_rd_p=3055660582&pf_rd_r=0NBHS4NSMKQ377TJ9TYS&pf_rd_s=center-4&pf_rd_t=60601&pf_rd_i=india.top-rated-indian-movies&ref_=fea_india_ss_wrap_tt_85
Ankhon Dekhi,(2013),7.9,www.imdb.com/title/tt3614516/?pf_rd_m=A2FGELUUNOQJNL&pf_rd_p=3055660582&pf_rd_r=0NBHS4NSMKQ377TJ9TYS&pf_rd_s=center-4&pf_rd_t=60601&pf_rd_i=india.top-rated-indian-movies&ref_=fea_india_ss_wrap_tt_86
Ulidavaru Kandanthe,(2014),7.9,www.imdb.com/title/tt3394420/?pf_rd_m=A2FGELUUNOQJNL&pf_rd_p=3055660582&pf_rd_r=0NBHS4NSMKQ377TJ9TYS&pf_rd_s=center-4&pf_rd_t=60601&pf_rd_i=india.top-rated-indian-movies&ref_=fea_india_ss_wrap_tt_87
Airlift,(2016),7.9,www.imdb.com/title/tt4387040/?pf_rd_m=A2FGELUUNOQJNL&pf_rd_p=3055660582&pf_rd_r=0NBHS4NSMKQ377TJ9TYS&pf_rd_s=center-4&pf_rd_t=60601&pf_rd_i=india.top-rated-indian-movies&ref_=fea_india_ss_wrap_tt_88
Hey Ram,(2000),7.9,www.imdb.com/title/tt0222012/?pf_rd_m=A2FGELUUNOQJNL&pf_rd_p=3055660582&pf_rd_r=0NBHS4NSMKQ377TJ9TYS&pf_rd_s=center-4&pf_rd_t=60601&pf_rd_i=india.top-rated-indian-movies&ref_=fea_india_ss_wrap_tt_89
Kal Ho Naa Ho,(2003),7.9,www.imdb.com/title/tt0347304/?pf_rd_m=A2FGELUUNOQJNL&pf_rd_p=3055660582&pf_rd_r=0NBHS4NSMKQ377TJ9TYS&pf_rd_s=center-4&pf_rd_t=60601&pf_rd_i=india.top-rated-indian-movies&ref_=fea_india_ss_wrap_tt_90
Baby,(2015),7.9,www.imdb.com/title/tt3848892/?pf_rd_m=A2FGELUUNOQJNL&pf_rd_p=3055660582&pf_rd_r=0NBHS4NSMKQ377TJ9TYS&pf_rd_s=center-4&pf_rd_t=60601&pf_rd_i=india.top-rated-indian-movies&ref_=fea_india_ss_wrap_tt_91
Bahubali: The Beginning,(2015),7.8,www.imdb.com/title/tt2631186/?pf_rd_m=A2FGELUUNOQJNL&pf_rd_p=3055660582&pf_rd_r=0NBHS4NSMKQ377TJ9TYS&pf_rd_s=center-4&pf_rd_t=60601&pf_rd_i=india.top-rated-indian-movies&ref_=fea_india_ss_wrap_tt_92
My Name Is Khan,(2010),7.8,www.imdb.com/title/tt1188996/?pf_rd_m=A2FGELUUNOQJNL&pf_rd_p=3055660582&pf_rd_r=0NBHS4NSMKQ377TJ9TYS&pf_rd_s=center-4&pf_rd_t=60601&pf_rd_i=india.top-rated-indian-movies&ref_=fea_india_ss_wrap_tt_93
Ab Tak Chhappan,(2004),7.8,www.imdb.com/title/tt0402014/?pf_rd_m=A2FGELUUNOQJNL&pf_rd_p=3055660582&pf_rd_r=0NBHS4NSMKQ377TJ9TYS&pf_rd_s=center-4&pf_rd_t=60601&pf_rd_i=india.top-rated-indian-movies&ref_=fea_india_ss_wrap_tt_94
Lakshya,(2004),7.8,www.imdb.com/title/tt0323013/?pf_rd_m=A2FGELUUNOQJNL&pf_rd_p=3055660582&pf_rd_r=0NBHS4NSMKQ377TJ9TYS&pf_rd_s=center-4&pf_rd_t=60601&pf_rd_i=india.top-rated-indian-movies&ref_=fea_india_ss_wrap_tt_95
Vaaranam Aayiram,(2008),7.8,www.imdb.com/title/tt1180583/?pf_rd_m=A2FGELUUNOQJNL&pf_rd_p=3055660582&pf_rd_r=0NBHS4NSMKQ377TJ9TYS&pf_rd_s=center-4&pf_rd_t=60601&pf_rd_i=india.top-rated-indian-movies&ref_=fea_india_ss_wrap_tt_96
Johnny Gaddaar,(2007),7.8,www.imdb.com/title/tt1077248/?pf_rd_m=A2FGELUUNOQJNL&pf_rd_p=3055660582&pf_rd_r=0NBHS4NSMKQ377TJ9TYS&pf_rd_s=center-4&pf_rd_t=60601&pf_rd_i=india.top-rated-indian-movies&ref_=fea_india_ss_wrap_tt_97
Gangaajal,(2003),7.8,www.imdb.com/title/tt0373856/?pf_rd_m=A2FGELUUNOQJNL&pf_rd_p=3055660582&pf_rd_r=0NBHS4NSMKQ377TJ9TYS&pf_rd_s=center-4&pf_rd_t=60601&pf_rd_i=india.top-rated-indian-movies&ref_=fea_india_ss_wrap_tt_98
Border,(1997),7.8,www.imdb.com/title/tt0118751/?pf_rd_m=A2FGELUUNOQJNL&pf_rd_p=3055660582&pf_rd_r=0NBHS4NSMKQ377TJ9TYS&pf_rd_s=center-4&pf_rd_t=60601&pf_rd_i=india.top-rated-indian-movies&ref_=fea_india_ss_wrap_tt_99
English Vinglish,(2012),7.8,www.imdb.com/title/tt2181931/?pf_rd_m=A2FGELUUNOQJNL&pf_rd_p=3055660582&pf_rd_r=0NBHS4NSMKQ377TJ9TYS&pf_rd_s=center-4&pf_rd_t=60601&pf_rd_i=india.top-rated-indian-movies&ref_=fea_india_ss_wrap_tt_100
Manam,(2014),7.8,www.imdb.com/title/tt2926068/?pf_rd_m=A2FGELUUNOQJNL&pf_rd_p=3055660582&pf_rd_r=0NBHS4NSMKQ377TJ9TYS&pf_rd_s=center-4&pf_rd_t=60601&pf_rd_i=india.top-rated-indian-movies&ref_=fea_india_ss_wrap_tt_101
Okkadu,(2003),7.8,www.imdb.com/title/tt0366840/?pf_rd_m=A2FGELUUNOQJNL&pf_rd_p=3055660582&pf_rd_r=0NBHS4NSMKQ377TJ9TYS&pf_rd_s=center-4&pf_rd_t=60601&pf_rd_i=india.top-rated-indian-movies&ref_=fea_india_ss_wrap_tt_102
Rock On!!,(2008),7.8,www.imdb.com/title/tt1230165/?pf_rd_m=A2FGELUUNOQJNL&pf_rd_p=3055660582&pf_rd_r=0NBHS4NSMKQ377TJ9TYS&pf_rd_s=center-4&pf_rd_t=60601&pf_rd_i=india.top-rated-indian-movies&ref_=fea_india_ss_wrap_tt_103
Don,(1978),7.8,www.imdb.com/title/tt0077451/?pf_rd_m=A2FGELUUNOQJNL&pf_rd_p=3055660582&pf_rd_r=0NBHS4NSMKQ377TJ9TYS&pf_rd_s=center-4&pf_rd_t=60601&pf_rd_i=india.top-rated-indian-movies&ref_=fea_india_ss_wrap_tt_104
Newton,(2017),7.8,www.imdb.com/title/tt6484982/?pf_rd_m=A2FGELUUNOQJNL&pf_rd_p=3055660582&pf_rd_r=0NBHS4NSMKQ377TJ9TYS&pf_rd_s=center-4&pf_rd_t=60601&pf_rd_i=india.top-rated-indian-movies&ref_=fea_india_ss_wrap_tt_105
Mr. India,(1987),7.8,www.imdb.com/title/tt0093578/?pf_rd_m=A2FGELUUNOQJNL&pf_rd_p=3055660582&pf_rd_r=0NBHS4NSMKQ377TJ9TYS&pf_rd_s=center-4&pf_rd_t=60601&pf_rd_i=india.top-rated-indian-movies&ref_=fea_india_ss_wrap_tt_106
Hindi Medium,(2017),7.8,www.imdb.com/title/tt5764096/?pf_rd_m=A2FGELUUNOQJNL&pf_rd_p=3055660582&pf_rd_r=0NBHS4NSMKQ377TJ9TYS&pf_rd_s=center-4&pf_rd_t=60601&pf_rd_i=india.top-rated-indian-movies&ref_=fea_india_ss_wrap_tt_107
Oye Lucky! Lucky Oye!,(2008),7.8,www.imdb.com/title/tt1292703/?pf_rd_m=A2FGELUUNOQJNL&pf_rd_p=3055660582&pf_rd_r=0NBHS4NSMKQ377TJ9TYS&pf_rd_s=center-4&pf_rd_t=60601&pf_rd_i=india.top-rated-indian-movies&ref_=fea_india_ss_wrap_tt_108
Dabba,(2013),7.8,www.imdb.com/title/tt2350496/?pf_rd_m=A2FGELUUNOQJNL&pf_rd_p=3055660582&pf_rd_r=0NBHS4NSMKQ377TJ9TYS&pf_rd_s=center-4&pf_rd_t=60601&pf_rd_i=india.top-rated-indian-movies&ref_=fea_india_ss_wrap_tt_109
Nayak: The Real Hero,(2001),7.7,www.imdb.com/title/tt0291376/?pf_rd_m=A2FGELUUNOQJNL&pf_rd_p=3055660582&pf_rd_r=0NBHS4NSMKQ377TJ9TYS&pf_rd_s=center-4&pf_rd_t=60601&pf_rd_i=india.top-rated-indian-movies&ref_=fea_india_ss_wrap_tt_110
Udta Punjab,(2016),7.7,www.imdb.com/title/tt4434004/?pf_rd_m=A2FGELUUNOQJNL&pf_rd_p=3055660582&pf_rd_r=0NBHS4NSMKQ377TJ9TYS&pf_rd_s=center-4&pf_rd_t=60601&pf_rd_i=india.top-rated-indian-movies&ref_=fea_india_ss_wrap_tt_111
Vicky Donor,(2012),7.7,www.imdb.com/title/tt2317337/?pf_rd_m=A2FGELUUNOQJNL&pf_rd_p=3055660582&pf_rd_r=0NBHS4NSMKQ377TJ9TYS&pf_rd_s=center-4&pf_rd_t=60601&pf_rd_i=india.top-rated-indian-movies&ref_=fea_india_ss_wrap_tt_112
Samsara,(2001),7.7,www.imdb.com/title/tt0196069/?pf_rd_m=A2FGELUUNOQJNL&pf_rd_p=3055660582&pf_rd_r=0NBHS4NSMKQ377TJ9TYS&pf_rd_s=center-4&pf_rd_t=60601&pf_rd_i=india.top-rated-indian-movies&ref_=fea_india_ss_wrap_tt_113
Guru,(2007),7.7,www.imdb.com/title/tt0499375/?pf_rd_m=A2FGELUUNOQJNL&pf_rd_p=3055660582&pf_rd_r=0NBHS4NSMKQ377TJ9TYS&pf_rd_s=center-4&pf_rd_t=60601&pf_rd_i=india.top-rated-indian-movies&ref_=fea_india_ss_wrap_tt_114
Kapoor & Sons,(2016),7.7,www.imdb.com/title/tt4900716/?pf_rd_m=A2FGELUUNOQJNL&pf_rd_p=3055660582&pf_rd_r=0NBHS4NSMKQ377TJ9TYS&pf_rd_s=center-4&pf_rd_t=60601&pf_rd_i=india.top-rated-indian-movies&ref_=fea_india_ss_wrap_tt_115
Pokiri,(2006),7.7,www.imdb.com/title/tt0816258/?pf_rd_m=A2FGELUUNOQJNL&pf_rd_p=3055660582&pf_rd_r=0NBHS4NSMKQ377TJ9TYS&pf_rd_s=center-4&pf_rd_t=60601&pf_rd_i=india.top-rated-indian-movies&ref_=fea_india_ss_wrap_tt_116
Aamir,(2008),7.7,www.imdb.com/title/tt1241195/?pf_rd_m=A2FGELUUNOQJNL&pf_rd_p=3055660582&pf_rd_r=0NBHS4NSMKQ377TJ9TYS&pf_rd_s=center-4&pf_rd_t=60601&pf_rd_i=india.top-rated-indian-movies&ref_=fea_india_ss_wrap_tt_117
Earth,(1998),7.7,www.imdb.com/title/tt0150433/?pf_rd_m=A2FGELUUNOQJNL&pf_rd_p=3055660582&pf_rd_r=0NBHS4NSMKQ377TJ9TYS&pf_rd_s=center-4&pf_rd_t=60601&pf_rd_i=india.top-rated-indian-movies&ref_=fea_india_ss_wrap_tt_118
RangiTaranga,(2015),7.7,www.imdb.com/title/tt4432480/?pf_rd_m=A2FGELUUNOQJNL&pf_rd_p=3055660582&pf_rd_r=0NBHS4NSMKQ377TJ9TYS&pf_rd_s=center-4&pf_rd_t=60601&pf_rd_i=india.top-rated-indian-movies&ref_=fea_india_ss_wrap_tt_119
Veer-Zaara,(2004),7.7,www.imdb.com/title/tt0420332/?pf_rd_m=A2FGELUUNOQJNL&pf_rd_p=3055660582&pf_rd_r=0NBHS4NSMKQ377TJ9TYS&pf_rd_s=center-4&pf_rd_t=60601&pf_rd_i=india.top-rated-indian-movies&ref_=fea_india_ss_wrap_tt_120
Agneepath,(1990),7.7,www.imdb.com/title/tt0098999/?pf_rd_m=A2FGELUUNOQJNL&pf_rd_p=3055660582&pf_rd_r=0NBHS4NSMKQ377TJ9TYS&pf_rd_s=center-4&pf_rd_t=60601&pf_rd_i=india.top-rated-indian-movies&ref_=fea_india_ss_wrap_tt_121
Pyaar Ka Punchnama,(2011),7.7,www.imdb.com/title/tt1926313/?pf_rd_m=A2FGELUUNOQJNL&pf_rd_p=3055660582&pf_rd_r=0NBHS4NSMKQ377TJ9TYS&pf_rd_s=center-4&pf_rd_t=60601&pf_rd_i=india.top-rated-indian-movies&ref_=fea_india_ss_wrap_tt_122
Eega,(2012),7.7,www.imdb.com/title/tt2258337/?pf_rd_m=A2FGELUUNOQJNL&pf_rd_p=3055660582&pf_rd_r=0NBHS4NSMKQ377TJ9TYS&pf_rd_s=center-4&pf_rd_t=60601&pf_rd_i=india.top-rated-indian-movies&ref_=fea_india_ss_wrap_tt_123
Neerja,(2016),7.7,www.imdb.com/title/tt5286444/?pf_rd_m=A2FGELUUNOQJNL&pf_rd_p=3055660582&pf_rd_r=0NBHS4NSMKQ377TJ9TYS&pf_rd_s=center-4&pf_rd_t=60601&pf_rd_i=india.top-rated-indian-movies&ref_=fea_india_ss_wrap_tt_124
Sarkar,(2005),7.7,www.imdb.com/title/tt0432047/?pf_rd_m=A2FGELUUNOQJNL&pf_rd_p=3055660582&pf_rd_r=0NBHS4NSMKQ377TJ9TYS&pf_rd_s=center-4&pf_rd_t=60601&pf_rd_i=india.top-rated-indian-movies&ref_=fea_india_ss_wrap_tt_125
Madras Cafe,(2013),7.7,www.imdb.com/title/tt2855648/?pf_rd_m=A2FGELUUNOQJNL&pf_rd_p=3055660582&pf_rd_r=0NBHS4NSMKQ377TJ9TYS&pf_rd_s=center-4&pf_rd_t=60601&pf_rd_i=india.top-rated-indian-movies&ref_=fea_india_ss_wrap_tt_126
Bheja Fry,(2007),7.6,www.imdb.com/title/tt1014672/?pf_rd_m=A2FGELUUNOQJNL&pf_rd_p=3055660582&pf_rd_r=0NBHS4NSMKQ377TJ9TYS&pf_rd_s=center-4&pf_rd_t=60601&pf_rd_i=india.top-rated-indian-movies&ref_=fea_india_ss_wrap_tt_127
Kabhi Haan Kabhi Naa,(1994),7.6,www.imdb.com/title/tt0110222/?pf_rd_m=A2FGELUUNOQJNL&pf_rd_p=3055660582&pf_rd_r=0NBHS4NSMKQ377TJ9TYS&pf_rd_s=center-4&pf_rd_t=60601&pf_rd_i=india.top-rated-indian-movies&ref_=fea_india_ss_wrap_tt_128
Darr,(1993),7.6,www.imdb.com/title/tt0109555/?pf_rd_m=A2FGELUUNOQJNL&pf_rd_p=3055660582&pf_rd_r=0NBHS4NSMKQ377TJ9TYS&pf_rd_s=center-4&pf_rd_t=60601&pf_rd_i=india.top-rated-indian-movies&ref_=fea_india_ss_wrap_tt_129
Tanu Weds Manu Returns,(2015),7.6,www.imdb.com/title/tt2140465/?pf_rd_m=A2FGELUUNOQJNL&pf_rd_p=3055660582&pf_rd_r=0NBHS4NSMKQ377TJ9TYS&pf_rd_s=center-4&pf_rd_t=60601&pf_rd_i=india.top-rated-indian-movies&ref_=fea_india_ss_wrap_tt_130
Kuch Kuch Hota Hai,(1998),7.6,www.imdb.com/title/tt0172684/?pf_rd_m=A2FGELUUNOQJNL&pf_rd_p=3055660582&pf_rd_r=0NBHS4NSMKQ377TJ9TYS&pf_rd_s=center-4&pf_rd_t=60601&pf_rd_i=india.top-rated-indian-movies&ref_=fea_india_ss_wrap_tt_131
Kai po che!,(2013),7.6,www.imdb.com/title/tt2213054/?pf_rd_m=A2FGELUUNOQJNL&pf_rd_p=3055660582&pf_rd_r=0NBHS4NSMKQ377TJ9TYS&pf_rd_s=center-4&pf_rd_t=60601&pf_rd_i=india.top-rated-indian-movies&ref_=fea_india_ss_wrap_tt_132
Saala Khadoos,(2016),7.6,www.imdb.com/title/tt5310090/?pf_rd_m=A2FGELUUNOQJNL&pf_rd_p=3055660582&pf_rd_r=0NBHS4NSMKQ377TJ9TYS&pf_rd_s=center-4&pf_rd_t=60601&pf_rd_i=india.top-rated-indian-movies&ref_=fea_india_ss_wrap_tt_133
24,(2016),7.6,www.imdb.com/title/tt4981966/?pf_rd_m=A2FGELUUNOQJNL&pf_rd_p=3055660582&pf_rd_r=0NBHS4NSMKQ377TJ9TYS&pf_rd_s=center-4&pf_rd_t=60601&pf_rd_i=india.top-rated-indian-movies&ref_=fea_india_ss_wrap_tt_134
Baazigar,(1993),7.6,www.imdb.com/title/tt0106333/?pf_rd_m=A2FGELUUNOQJNL&pf_rd_p=3055660582&pf_rd_r=0NBHS4NSMKQ377TJ9TYS&pf_rd_s=center-4&pf_rd_t=60601&pf_rd_i=india.top-rated-indian-movies&ref_=fea_india_ss_wrap_tt_135
M.S. Dhoni: The Untold Story,(2016),7.6,www.imdb.com/title/tt4169250/?pf_rd_m=A2FGELUUNOQJNL&pf_rd_p=3055660582&pf_rd_r=0NBHS4NSMKQ377TJ9TYS&pf_rd_s=center-4&pf_rd_t=60601&pf_rd_i=india.top-rated-indian-movies&ref_=fea_india_ss_wrap_tt_136
Highway,(2014),7.6,www.imdb.com/title/tt2980794/?pf_rd_m=A2FGELUUNOQJNL&pf_rd_p=3055660582&pf_rd_r=0NBHS4NSMKQ377TJ9TYS&pf_rd_s=center-4&pf_rd_t=60601&pf_rd_i=india.top-rated-indian-movies&ref_=fea_india_ss_wrap_tt_137
Magadheera,(2009),7.6,www.imdb.com/title/tt1447500/?pf_rd_m=A2FGELUUNOQJNL&pf_rd_p=3055660582&pf_rd_r=0NBHS4NSMKQ377TJ9TYS&pf_rd_s=center-4&pf_rd_t=60601&pf_rd_i=india.top-rated-indian-movies&ref_=fea_india_ss_wrap_tt_138
Rockstar,(2011),7.6,www.imdb.com/title/tt1839596/?pf_rd_m=A2FGELUUNOQJNL&pf_rd_p=3055660582&pf_rd_r=0NBHS4NSMKQ377TJ9TYS&pf_rd_s=center-4&pf_rd_t=60601&pf_rd_i=india.top-rated-indian-movies&ref_=fea_india_ss_wrap_tt_139
Detective Byomkesh Bakshy!,(2015),7.6,www.imdb.com/title/tt3447364/?pf_rd_m=A2FGELUUNOQJNL&pf_rd_p=3055660582&pf_rd_r=0NBHS4NSMKQ377TJ9TYS&pf_rd_s=center-4&pf_rd_t=60601&pf_rd_i=india.top-rated-indian-movies&ref_=fea_india_ss_wrap_tt_140
Wake Up Sid,(2009),7.6,www.imdb.com/title/tt1324059/?pf_rd_m=A2FGELUUNOQJNL&pf_rd_p=3055660582&pf_rd_r=0NBHS4NSMKQ377TJ9TYS&pf_rd_s=center-4&pf_rd_t=60601&pf_rd_i=india.top-rated-indian-movies&ref_=fea_india_ss_wrap_tt_141
Jodhaa Akbar,(2008),7.6,www.imdb.com/title/tt0449994/?pf_rd_m=A2FGELUUNOQJNL&pf_rd_p=3055660582&pf_rd_r=0NBHS4NSMKQ377TJ9TYS&pf_rd_s=center-4&pf_rd_t=60601&pf_rd_i=india.top-rated-indian-movies&ref_=fea_india_ss_wrap_tt_142
Dil Se..,(1998),7.6,www.imdb.com/title/tt0164538/?pf_rd_m=A2FGELUUNOQJNL&pf_rd_p=3055660582&pf_rd_r=0NBHS4NSMKQ377TJ9TYS&pf_rd_s=center-4&pf_rd_t=60601&pf_rd_i=india.top-rated-indian-movies&ref_=fea_india_ss_wrap_tt_143
Aankhen,(2002),7.6,www.imdb.com/title/tt0306434/?pf_rd_m=A2FGELUUNOQJNL&pf_rd_p=3055660582&pf_rd_r=0NBHS4NSMKQ377TJ9TYS&pf_rd_s=center-4&pf_rd_t=60601&pf_rd_i=india.top-rated-indian-movies&ref_=fea_india_ss_wrap_tt_144
Piku,(2015),7.5,www.imdb.com/title/tt3767372/?pf_rd_m=A2FGELUUNOQJNL&pf_rd_p=3055660582&pf_rd_r=0NBHS4NSMKQ377TJ9TYS&pf_rd_s=center-4&pf_rd_t=60601&pf_rd_i=india.top-rated-indian-movies&ref_=fea_india_ss_wrap_tt_145
Delhi Belly,(2011),7.5,www.imdb.com/title/tt1934231/?pf_rd_m=A2FGELUUNOQJNL&pf_rd_p=3055660582&pf_rd_r=0NBHS4NSMKQ377TJ9TYS&pf_rd_s=center-4&pf_rd_t=60601&pf_rd_i=india.top-rated-indian-movies&ref_=fea_india_ss_wrap_tt_146
Kaththi,(2014),7.5,www.imdb.com/title/tt3801314/?pf_rd_m=A2FGELUUNOQJNL&pf_rd_p=3055660582&pf_rd_r=0NBHS4NSMKQ377TJ9TYS&pf_rd_s=center-4&pf_rd_t=60601&pf_rd_i=india.top-rated-indian-movies&ref_=fea_india_ss_wrap_tt_147
Qayamat Se Qayamat Tak,(1988),7.5,www.imdb.com/title/tt0095936/?pf_rd_m=A2FGELUUNOQJNL&pf_rd_p=3055660582&pf_rd_r=0NBHS4NSMKQ377TJ9TYS&pf_rd_s=center-4&pf_rd_t=60601&pf_rd_i=india.top-rated-indian-movies&ref_=fea_india_ss_wrap_tt_148
Devdas,(2002),7.5,www.imdb.com/title/tt0238936/?pf_rd_m=A2FGELUUNOQJNL&pf_rd_p=3055660582&pf_rd_r=0NBHS4NSMKQ377TJ9TYS&pf_rd_s=center-4&pf_rd_t=60601&pf_rd_i=india.top-rated-indian-movies&ref_=fea_india_ss_wrap_tt_149
Khakee,(2004),7.5,www.imdb.com/title/tt0347332/?pf_rd_m=A2FGELUUNOQJNL&pf_rd_p=3055660582&pf_rd_r=0NBHS4NSMKQ377TJ9TYS&pf_rd_s=center-4&pf_rd_t=60601&pf_rd_i=india.top-rated-indian-movies&ref_=fea_india_ss_wrap_tt_150
Socha Na Tha,(2005),7.5,www.imdb.com/title/tt0451919/?pf_rd_m=A2FGELUUNOQJNL&pf_rd_p=3055660582&pf_rd_r=0NBHS4NSMKQ377TJ9TYS&pf_rd_s=center-4&pf_rd_t=60601&pf_rd_i=india.top-rated-indian-movies&ref_=fea_india_ss_wrap_tt_151
Raanjhanaa,(2013),7.5,www.imdb.com/title/tt2359810/?pf_rd_m=A2FGELUUNOQJNL&pf_rd_p=3055660582&pf_rd_r=0NBHS4NSMKQ377TJ9TYS&pf_rd_s=center-4&pf_rd_t=60601&pf_rd_i=india.top-rated-indian-movies&ref_=fea_india_ss_wrap_tt_152
Hum Aapke Hain Koun...!,(1994),7.5,www.imdb.com/title/tt0110076/?pf_rd_m=A2FGELUUNOQJNL&pf_rd_p=3055660582&pf_rd_r=0NBHS4NSMKQ377TJ9TYS&pf_rd_s=center-4&pf_rd_t=60601&pf_rd_i=india.top-rated-indian-movies&ref_=fea_india_ss_wrap_tt_153
Hum Dil De Chuke Sanam,(1999),7.5,www.imdb.com/title/tt0150992/?pf_rd_m=A2FGELUUNOQJNL&pf_rd_p=3055660582&pf_rd_r=0NBHS4NSMKQ377TJ9TYS&pf_rd_s=center-4&pf_rd_t=60601&pf_rd_i=india.top-rated-indian-movies&ref_=fea_india_ss_wrap_tt_154
Hungama,(2003),7.5,www.imdb.com/title/tt0371735/?pf_rd_m=A2FGELUUNOQJNL&pf_rd_p=3055660582&pf_rd_r=0NBHS4NSMKQ377TJ9TYS&pf_rd_s=center-4&pf_rd_t=60601&pf_rd_i=india.top-rated-indian-movies&ref_=fea_india_ss_wrap_tt_155
The Ghazi Attack,(2017),7.5,www.imdb.com/title/tt6299040/?pf_rd_m=A2FGELUUNOQJNL&pf_rd_p=3055660582&pf_rd_r=0NBHS4NSMKQ377TJ9TYS&pf_rd_s=center-4&pf_rd_t=60601&pf_rd_i=india.top-rated-indian-movies&ref_=fea_india_ss_wrap_tt_156
1 - Nenokkadine,(2014),7.5,www.imdb.com/title/tt2375559/?pf_rd_m=A2FGELUUNOQJNL&pf_rd_p=3055660582&pf_rd_r=0NBHS4NSMKQ377TJ9TYS&pf_rd_s=center-4&pf_rd_t=60601&pf_rd_i=india.top-rated-indian-movies&ref_=fea_india_ss_wrap_tt_157
Thuppakki,(2012),7.5,www.imdb.com/title/tt2187153/?pf_rd_m=A2FGELUUNOQJNL&pf_rd_p=3055660582&pf_rd_r=0NBHS4NSMKQ377TJ9TYS&pf_rd_s=center-4&pf_rd_t=60601&pf_rd_i=india.top-rated-indian-movies&ref_=fea_india_ss_wrap_tt_158
Ghilli,(2004),7.5,www.imdb.com/title/tt0422320/?pf_rd_m=A2FGELUUNOQJNL&pf_rd_p=3055660582&pf_rd_r=0NBHS4NSMKQ377TJ9TYS&pf_rd_s=center-4&pf_rd_t=60601&pf_rd_i=india.top-rated-indian-movies&ref_=fea_india_ss_wrap_tt_159
Rocket Singh: Salesman of the Year,(2009),7.5,www.imdb.com/title/tt1434447/?pf_rd_m=A2FGELUUNOQJNL&pf_rd_p=3055660582&pf_rd_r=0NBHS4NSMKQ377TJ9TYS&pf_rd_s=center-4&pf_rd_t=60601&pf_rd_i=india.top-rated-indian-movies&ref_=fea_india_ss_wrap_tt_160
Rangeela,(1995),7.5,www.imdb.com/title/tt0114234/?pf_rd_m=A2FGELUUNOQJNL&pf_rd_p=3055660582&pf_rd_r=0NBHS4NSMKQ377TJ9TYS&pf_rd_s=center-4&pf_rd_t=60601&pf_rd_i=india.top-rated-indian-movies&ref_=fea_india_ss_wrap_tt_161
Jaane Tu... Ya Jaane Na,(2008),7.5,www.imdb.com/title/tt0473367/?pf_rd_m=A2FGELUUNOQJNL&pf_rd_p=3055660582&pf_rd_r=0NBHS4NSMKQ377TJ9TYS&pf_rd_s=center-4&pf_rd_t=60601&pf_rd_i=india.top-rated-indian-movies&ref_=fea_india_ss_wrap_tt_162
Madaari,(2016),7.5,www.imdb.com/title/tt5713232/?pf_rd_m=A2FGELUUNOQJNL&pf_rd_p=3055660582&pf_rd_r=0NBHS4NSMKQ377TJ9TYS&pf_rd_s=center-4&pf_rd_t=60601&pf_rd_i=india.top-rated-indian-movies&ref_=fea_india_ss_wrap_tt_163
Dum Laga Ke Haisha,(2015),7.5,www.imdb.com/title/tt3495030/?pf_rd_m=A2FGELUUNOQJNL&pf_rd_p=3055660582&pf_rd_r=0NBHS4NSMKQ377TJ9TYS&pf_rd_s=center-4&pf_rd_t=60601&pf_rd_i=india.top-rated-indian-movies&ref_=fea_india_ss_wrap_tt_164
Ghajini,(2005),7.5,www.imdb.com/title/tt0449951/?pf_rd_m=A2FGELUUNOQJNL&pf_rd_p=3055660582&pf_rd_r=0NBHS4NSMKQ377TJ9TYS&pf_rd_s=center-4&pf_rd_t=60601&pf_rd_i=india.top-rated-indian-movies&ref_=fea_india_ss_wrap_tt_165
Peepli (Live),(2010),7.5,www.imdb.com/title/tt1447508/?pf_rd_m=A2FGELUUNOQJNL&pf_rd_p=3055660582&pf_rd_r=0NBHS4NSMKQ377TJ9TYS&pf_rd_s=center-4&pf_rd_t=60601&pf_rd_i=india.top-rated-indian-movies&ref_=fea_india_ss_wrap_tt_166
Baghban,(2003),7.4,www.imdb.com/title/tt0337578/?pf_rd_m=A2FGELUUNOQJNL&pf_rd_p=3055660582&pf_rd_r=0NBHS4NSMKQ377TJ9TYS&pf_rd_s=center-4&pf_rd_t=60601&pf_rd_i=india.top-rated-indian-movies&ref_=fea_india_ss_wrap_tt_167
Mankatha,(2011),7.4,www.imdb.com/title/tt1705772/?pf_rd_m=A2FGELUUNOQJNL&pf_rd_p=3055660582&pf_rd_r=0NBHS4NSMKQ377TJ9TYS&pf_rd_s=center-4&pf_rd_t=60601&pf_rd_i=india.top-rated-indian-movies&ref_=fea_india_ss_wrap_tt_168
Badlapur,(2015),7.4,www.imdb.com/title/tt3678782/?pf_rd_m=A2FGELUUNOQJNL&pf_rd_p=3055660582&pf_rd_r=0NBHS4NSMKQ377TJ9TYS&pf_rd_s=center-4&pf_rd_t=60601&pf_rd_i=india.top-rated-indian-movies&ref_=fea_india_ss_wrap_tt_169
Chachi 420,(1997),7.4,www.imdb.com/title/tt0233422/?pf_rd_m=A2FGELUUNOQJNL&pf_rd_p=3055660582&pf_rd_r=0NBHS4NSMKQ377TJ9TYS&pf_rd_s=center-4&pf_rd_t=60601&pf_rd_i=india.top-rated-indian-movies&ref_=fea_india_ss_wrap_tt_170
Yuva,(2004),7.4,www.imdb.com/title/tt0382383/?pf_rd_m=A2FGELUUNOQJNL&pf_rd_p=3055660582&pf_rd_r=0NBHS4NSMKQ377TJ9TYS&pf_rd_s=center-4&pf_rd_t=60601&pf_rd_i=india.top-rated-indian-movies&ref_=fea_india_ss_wrap_tt_171
Sivaji,(2007),7.4,www.imdb.com/title/tt0479751/?pf_rd_m=A2FGELUUNOQJNL&pf_rd_p=3055660582&pf_rd_r=0NBHS4NSMKQ377TJ9TYS&pf_rd_s=center-4&pf_rd_t=60601&pf_rd_i=india.top-rated-indian-movies&ref_=fea_india_ss_wrap_tt_172
Guzaarish,(2010),7.4,www.imdb.com/title/tt1438298/?pf_rd_m=A2FGELUUNOQJNL&pf_rd_p=3055660582&pf_rd_r=0NBHS4NSMKQ377TJ9TYS&pf_rd_s=center-4&pf_rd_t=60601&pf_rd_i=india.top-rated-indian-movies&ref_=fea_india_ss_wrap_tt_173
Kabhi Khushi Kabhie Gham...,(2001),7.4,www.imdb.com/title/tt0248126/?pf_rd_m=A2FGELUUNOQJNL&pf_rd_p=3055660582&pf_rd_r=0NBHS4NSMKQ377TJ9TYS&pf_rd_s=center-4&pf_rd_t=60601&pf_rd_i=india.top-rated-indian-movies&ref_=fea_india_ss_wrap_tt_174
Dear Zindagi,(2016),7.4,www.imdb.com/title/tt5946128/?pf_rd_m=A2FGELUUNOQJNL&pf_rd_p=3055660582&pf_rd_r=0NBHS4NSMKQ377TJ9TYS&pf_rd_s=center-4&pf_rd_t=60601&pf_rd_i=india.top-rated-indian-movies&ref_=fea_india_ss_wrap_tt_175
Jolly LLB,(2013),7.4,www.imdb.com/title/tt2621000/?pf_rd_m=A2FGELUUNOQJNL&pf_rd_p=3055660582&pf_rd_r=0NBHS4NSMKQ377TJ9TYS&pf_rd_s=center-4&pf_rd_t=60601&pf_rd_i=india.top-rated-indian-movies&ref_=fea_india_ss_wrap_tt_176
Kaminey,(2009),7.4,www.imdb.com/title/tt1274295/?pf_rd_m=A2FGELUUNOQJNL&pf_rd_p=3055660582&pf_rd_r=0NBHS4NSMKQ377TJ9TYS&pf_rd_s=center-4&pf_rd_t=60601&pf_rd_i=india.top-rated-indian-movies&ref_=fea_india_ss_wrap_tt_177
Khiladi,(1992),7.4,www.imdb.com/title/tt0104605/?pf_rd_m=A2FGELUUNOQJNL&pf_rd_p=3055660582&pf_rd_r=0NBHS4NSMKQ377TJ9TYS&pf_rd_s=center-4&pf_rd_t=60601&pf_rd_i=india.top-rated-indian-movies&ref_=fea_india_ss_wrap_tt_178
Once Upon a Time in Mumbaai,(2010),7.4,www.imdb.com/title/tt1395054/?pf_rd_m=A2FGELUUNOQJNL&pf_rd_p=3055660582&pf_rd_r=0NBHS4NSMKQ377TJ9TYS&pf_rd_s=center-4&pf_rd_t=60601&pf_rd_i=india.top-rated-indian-movies&ref_=fea_india_ss_wrap_tt_179
Bareilly Ki Barfi,(2017),7.4,www.imdb.com/title/tt6967980/?pf_rd_m=A2FGELUUNOQJNL&pf_rd_p=3055660582&pf_rd_r=0NBHS4NSMKQ377TJ9TYS&pf_rd_s=center-4&pf_rd_t=60601&pf_rd_i=india.top-rated-indian-movies&ref_=fea_india_ss_wrap_tt_180
Life in a Metro,(2007),7.4,www.imdb.com/title/tt0800956/?pf_rd_m=A2FGELUUNOQJNL&pf_rd_p=3055660582&pf_rd_r=0NBHS4NSMKQ377TJ9TYS&pf_rd_s=center-4&pf_rd_t=60601&pf_rd_i=india.top-rated-indian-movies&ref_=fea_india_ss_wrap_tt_181
Monsoon Wedding,(2001),7.4,www.imdb.com/title/tt0265343/?pf_rd_m=A2FGELUUNOQJNL&pf_rd_p=3055660582&pf_rd_r=0NBHS4NSMKQ377TJ9TYS&pf_rd_s=center-4&pf_rd_t=60601&pf_rd_i=india.top-rated-indian-movies&ref_=fea_india_ss_wrap_tt_182
Golmaal: Fun Unlimited,(2006),7.4,www.imdb.com/title/tt0495034/?pf_rd_m=A2FGELUUNOQJNL&pf_rd_p=3055660582&pf_rd_r=0NBHS4NSMKQ377TJ9TYS&pf_rd_s=center-4&pf_rd_t=60601&pf_rd_i=india.top-rated-indian-movies&ref_=fea_india_ss_wrap_tt_183
Maine Pyar Kiya,(1989),7.4,www.imdb.com/title/tt0100095/?pf_rd_m=A2FGELUUNOQJNL&pf_rd_p=3055660582&pf_rd_r=0NBHS4NSMKQ377TJ9TYS&pf_rd_s=center-4&pf_rd_t=60601&pf_rd_i=india.top-rated-indian-movies&ref_=fea_india_ss_wrap_tt_184
Ghulam,(1998),7.4,www.imdb.com/title/tt0190419/?pf_rd_m=A2FGELUUNOQJNL&pf_rd_p=3055660582&pf_rd_r=0NBHS4NSMKQ377TJ9TYS&pf_rd_s=center-4&pf_rd_t=60601&pf_rd_i=india.top-rated-indian-movies&ref_=fea_india_ss_wrap_tt_185
Khaleja,(2010),7.4,www.imdb.com/title/tt1582519/?pf_rd_m=A2FGELUUNOQJNL&pf_rd_p=3055660582&pf_rd_r=0NBHS4NSMKQ377TJ9TYS&pf_rd_s=center-4&pf_rd_t=60601&pf_rd_i=india.top-rated-indian-movies&ref_=fea_india_ss_wrap_tt_186
Page 3,(2005),7.3,www.imdb.com/title/tt0443708/?pf_rd_m=A2FGELUUNOQJNL&pf_rd_p=3055660582&pf_rd_r=0NBHS4NSMKQ377TJ9TYS&pf_rd_s=center-4&pf_rd_t=60601&pf_rd_i=india.top-rated-indian-movies&ref_=fea_india_ss_wrap_tt_187
Ishqiya,(2010),7.3,www.imdb.com/title/tt1345777/?pf_rd_m=A2FGELUUNOQJNL&pf_rd_p=3055660582&pf_rd_r=0NBHS4NSMKQ377TJ9TYS&pf_rd_s=center-4&pf_rd_t=60601&pf_rd_i=india.top-rated-indian-movies&ref_=fea_india_ss_wrap_tt_188
Lootera,(2013),7.3,www.imdb.com/title/tt2224317/?pf_rd_m=A2FGELUUNOQJNL&pf_rd_p=3055660582&pf_rd_r=0NBHS4NSMKQ377TJ9TYS&pf_rd_s=center-4&pf_rd_t=60601&pf_rd_i=india.top-rated-indian-movies&ref_=fea_india_ss_wrap_tt_189
Raman Raghav 2.0,(2016),7.3,www.imdb.com/title/tt5662932/?pf_rd_m=A2FGELUUNOQJNL&pf_rd_p=3055660582&pf_rd_r=0NBHS4NSMKQ377TJ9TYS&pf_rd_s=center-4&pf_rd_t=60601&pf_rd_i=india.top-rated-indian-movies&ref_=fea_india_ss_wrap_tt_190
Ghajini,(2008),7.3,www.imdb.com/title/tt1166100/?pf_rd_m=A2FGELUUNOQJNL&pf_rd_p=3055660582&pf_rd_r=0NBHS4NSMKQ377TJ9TYS&pf_rd_s=center-4&pf_rd_t=60601&pf_rd_i=india.top-rated-indian-movies&ref_=fea_india_ss_wrap_tt_191
Mardaani,(2014),7.3,www.imdb.com/title/tt3495000/?pf_rd_m=A2FGELUUNOQJNL&pf_rd_p=3055660582&pf_rd_r=0NBHS4NSMKQ377TJ9TYS&pf_rd_s=center-4&pf_rd_t=60601&pf_rd_i=india.top-rated-indian-movies&ref_=fea_india_ss_wrap_tt_192
Srimanthudu,(2015),7.3,www.imdb.com/title/tt4727512/?pf_rd_m=A2FGELUUNOQJNL&pf_rd_p=3055660582&pf_rd_r=0NBHS4NSMKQ377TJ9TYS&pf_rd_s=center-4&pf_rd_t=60601&pf_rd_i=india.top-rated-indian-movies&ref_=fea_india_ss_wrap_tt_193
Parineeta,(2005),7.3,www.imdb.com/title/tt0437407/?pf_rd_m=A2FGELUUNOQJNL&pf_rd_p=3055660582&pf_rd_r=0NBHS4NSMKQ377TJ9TYS&pf_rd_s=center-4&pf_rd_t=60601&pf_rd_i=india.top-rated-indian-movies&ref_=fea_india_ss_wrap_tt_194
Bhool Bhulaiyaa,(2007),7.3,www.imdb.com/title/tt0995031/?pf_rd_m=A2FGELUUNOQJNL&pf_rd_p=3055660582&pf_rd_r=0NBHS4NSMKQ377TJ9TYS&pf_rd_s=center-4&pf_rd_t=60601&pf_rd_i=india.top-rated-indian-movies&ref_=fea_india_ss_wrap_tt_195
Holiday,(2014),7.3,www.imdb.com/title/tt2556308/?pf_rd_m=A2FGELUUNOQJNL&pf_rd_p=3055660582&pf_rd_r=0NBHS4NSMKQ377TJ9TYS&pf_rd_s=center-4&pf_rd_t=60601&pf_rd_i=india.top-rated-indian-movies&ref_=fea_india_ss_wrap_tt_196
Shaitan,(2011),7.3,www.imdb.com/title/tt1836912/?pf_rd_m=A2FGELUUNOQJNL&pf_rd_p=3055660582&pf_rd_r=0NBHS4NSMKQ377TJ9TYS&pf_rd_s=center-4&pf_rd_t=60601&pf_rd_i=india.top-rated-indian-movies&ref_=fea_india_ss_wrap_tt_197
Dookudu,(2011),7.3,www.imdb.com/title/tt1756476/?pf_rd_m=A2FGELUUNOQJNL&pf_rd_p=3055660582&pf_rd_r=0NBHS4NSMKQ377TJ9TYS&pf_rd_s=center-4&pf_rd_t=60601&pf_rd_i=india.top-rated-indian-movies&ref_=fea_india_ss_wrap_tt_198
Band Baaja Baaraat,(2010),7.3,www.imdb.com/title/tt1610452/?pf_rd_m=A2FGELUUNOQJNL&pf_rd_p=3055660582&pf_rd_r=0NBHS4NSMKQ377TJ9TYS&pf_rd_s=center-4&pf_rd_t=60601&pf_rd_i=india.top-rated-indian-movies&ref_=fea_india_ss_wrap_tt_199
Taxi No. 9 2 11: Nau Do Gyarah,(2006),7.3,www.imdb.com/title/tt0476884/?pf_rd_m=A2FGELUUNOQJNL&pf_rd_p=3055660582&pf_rd_r=0NBHS4NSMKQ377TJ9TYS&pf_rd_s=center-4&pf_rd_t=60601&pf_rd_i=india.top-rated-indian-movies&ref_=fea_india_ss_wrap_tt_200
Pyaar Ka Punchnama 2,(2015),7.3,www.imdb.com/title/tt4430136/?pf_rd_m=A2FGELUUNOQJNL&pf_rd_p=3055660582&pf_rd_r=0NBHS4NSMKQ377TJ9TYS&pf_rd_s=center-4&pf_rd_t=60601&pf_rd_i=india.top-rated-indian-movies&ref_=fea_india_ss_wrap_tt_201
Shanghai,(2012),7.2,www.imdb.com/title/tt2072227/?pf_rd_m=A2FGELUUNOQJNL&pf_rd_p=3055660582&pf_rd_r=0NBHS4NSMKQ377TJ9TYS&pf_rd_s=center-4&pf_rd_t=60601&pf_rd_i=india.top-rated-indian-movies&ref_=fea_india_ss_wrap_tt_202
No One Killed Jessica,(2011),7.2,www.imdb.com/title/tt1734110/?pf_rd_m=A2FGELUUNOQJNL&pf_rd_p=3055660582&pf_rd_r=0NBHS4NSMKQ377TJ9TYS&pf_rd_s=center-4&pf_rd_t=60601&pf_rd_i=india.top-rated-indian-movies&ref_=fea_india_ss_wrap_tt_203
Namastey London,(2007),7.2,www.imdb.com/title/tt0795434/?pf_rd_m=A2FGELUUNOQJNL&pf_rd_p=3055660582&pf_rd_r=0NBHS4NSMKQ377TJ9TYS&pf_rd_s=center-4&pf_rd_t=60601&pf_rd_i=india.top-rated-indian-movies&ref_=fea_india_ss_wrap_tt_204
Toilet - Ek Prem Katha,(2017),7.2,www.imdb.com/title/tt5785170/?pf_rd_m=A2FGELUUNOQJNL&pf_rd_p=3055660582&pf_rd_r=0NBHS4NSMKQ377TJ9TYS&pf_rd_s=center-4&pf_rd_t=60601&pf_rd_i=india.top-rated-indian-movies&ref_=fea_india_ss_wrap_tt_205
Te3n,(2016),7.2,www.imdb.com/title/tt4814290/?pf_rd_m=A2FGELUUNOQJNL&pf_rd_p=3055660582&pf_rd_r=0NBHS4NSMKQ377TJ9TYS&pf_rd_s=center-4&pf_rd_t=60601&pf_rd_i=india.top-rated-indian-movies&ref_=fea_india_ss_wrap_tt_206
Tere Bin Laden,(2010),7.2,www.imdb.com/title/tt1629391/?pf_rd_m=A2FGELUUNOQJNL&pf_rd_p=3055660582&pf_rd_r=0NBHS4NSMKQ377TJ9TYS&pf_rd_s=center-4&pf_rd_t=60601&pf_rd_i=india.top-rated-indian-movies&ref_=fea_india_ss_wrap_tt_207
Ayan,(2009),7.2,www.imdb.com/title/tt1355546/?pf_rd_m=A2FGELUUNOQJNL&pf_rd_p=3055660582&pf_rd_r=0NBHS4NSMKQ377TJ9TYS&pf_rd_s=center-4&pf_rd_t=60601&pf_rd_i=india.top-rated-indian-movies&ref_=fea_india_ss_wrap_tt_208
D-Day,(2013),7.2,www.imdb.com/title/tt2385104/?pf_rd_m=A2FGELUUNOQJNL&pf_rd_p=3055660582&pf_rd_r=0NBHS4NSMKQ377TJ9TYS&pf_rd_s=center-4&pf_rd_t=60601&pf_rd_i=india.top-rated-indian-movies&ref_=fea_india_ss_wrap_tt_209
Nanban,(2012),7.2,www.imdb.com/title/tt2180477/?pf_rd_m=A2FGELUUNOQJNL&pf_rd_p=3055660582&pf_rd_r=0NBHS4NSMKQ377TJ9TYS&pf_rd_s=center-4&pf_rd_t=60601&pf_rd_i=india.top-rated-indian-movies&ref_=fea_india_ss_wrap_tt_210
Paa,(2009),7.2,www.imdb.com/title/tt1532957/?pf_rd_m=A2FGELUUNOQJNL&pf_rd_p=3055660582&pf_rd_r=0NBHS4NSMKQ377TJ9TYS&pf_rd_s=center-4&pf_rd_t=60601&pf_rd_i=india.top-rated-indian-movies&ref_=fea_india_ss_wrap_tt_211
Talaash,(2012),7.2,www.imdb.com/title/tt1787988/?pf_rd_m=A2FGELUUNOQJNL&pf_rd_p=3055660582&pf_rd_r=0NBHS4NSMKQ377TJ9TYS&pf_rd_s=center-4&pf_rd_t=60601&pf_rd_i=india.top-rated-indian-movies&ref_=fea_india_ss_wrap_tt_212
Padmaavat,(2018),7.2,www.imdb.com/title/tt5935704/?pf_rd_m=A2FGELUUNOQJNL&pf_rd_p=3055660582&pf_rd_r=0NBHS4NSMKQ377TJ9TYS&pf_rd_s=center-4&pf_rd_t=60601&pf_rd_i=india.top-rated-indian-movies&ref_=fea_india_ss_wrap_tt_213
Nannaku Prematho,(2016),7.2,www.imdb.com/title/tt5098128/?pf_rd_m=A2FGELUUNOQJNL&pf_rd_p=3055660582&pf_rd_r=0NBHS4NSMKQ377TJ9TYS&pf_rd_s=center-4&pf_rd_t=60601&pf_rd_i=india.top-rated-indian-movies&ref_=fea_india_ss_wrap_tt_214
Jolly LLB 2,(2017),7.2,www.imdb.com/title/tt5982852/?pf_rd_m=A2FGELUUNOQJNL&pf_rd_p=3055660582&pf_rd_r=0NBHS4NSMKQ377TJ9TYS&pf_rd_s=center-4&pf_rd_t=60601&pf_rd_i=india.top-rated-indian-movies&ref_=fea_india_ss_wrap_tt_215
Nh10,(2015),7.2,www.imdb.com/title/tt3742284/?pf_rd_m=A2FGELUUNOQJNL&pf_rd_p=3055660582&pf_rd_r=0NBHS4NSMKQ377TJ9TYS&pf_rd_s=center-4&pf_rd_t=60601&pf_rd_i=india.top-rated-indian-movies&ref_=fea_india_ss_wrap_tt_216
Mohra,(1994),7.2,www.imdb.com/title/tt0110546/?pf_rd_m=A2FGELUUNOQJNL&pf_rd_p=3055660582&pf_rd_r=0NBHS4NSMKQ377TJ9TYS&pf_rd_s=center-4&pf_rd_t=60601&pf_rd_i=india.top-rated-indian-movies&ref_=fea_india_ss_wrap_tt_217
Billa,(2007),7.2,www.imdb.com/title/tt0920457/?pf_rd_m=A2FGELUUNOQJNL&pf_rd_p=3055660582&pf_rd_r=0NBHS4NSMKQ377TJ9TYS&pf_rd_s=center-4&pf_rd_t=60601&pf_rd_i=india.top-rated-indian-movies&ref_=fea_india_ss_wrap_tt_218
Fanaa,(2006),7.2,www.imdb.com/title/tt0439662/?pf_rd_m=A2FGELUUNOQJNL&pf_rd_p=3055660582&pf_rd_r=0NBHS4NSMKQ377TJ9TYS&pf_rd_s=center-4&pf_rd_t=60601&pf_rd_i=india.top-rated-indian-movies&ref_=fea_india_ss_wrap_tt_219
Don,(2006),7.2,www.imdb.com/title/tt0461936/?pf_rd_m=A2FGELUUNOQJNL&pf_rd_p=3055660582&pf_rd_r=0NBHS4NSMKQ377TJ9TYS&pf_rd_s=center-4&pf_rd_t=60601&pf_rd_i=india.top-rated-indian-movies&ref_=fea_india_ss_wrap_tt_220
i,(2015),7.2,www.imdb.com/title/tt2302966/?pf_rd_m=A2FGELUUNOQJNL&pf_rd_p=3055660582&pf_rd_r=0NBHS4NSMKQ377TJ9TYS&pf_rd_s=center-4&pf_rd_t=60601&pf_rd_i=india.top-rated-indian-movies&ref_=fea_india_ss_wrap_tt_221
Gadar: Ek Prem Katha,(2001),7.2,www.imdb.com/title/tt0284137/?pf_rd_m=A2FGELUUNOQJNL&pf_rd_p=3055660582&pf_rd_r=0NBHS4NSMKQ377TJ9TYS&pf_rd_s=center-4&pf_rd_t=60601&pf_rd_i=india.top-rated-indian-movies&ref_=fea_india_ss_wrap_tt_222
Bajirao Mastani,(2015),7.1,www.imdb.com/title/tt3735246/?pf_rd_m=A2FGELUUNOQJNL&pf_rd_p=3055660582&pf_rd_r=0NBHS4NSMKQ377TJ9TYS&pf_rd_s=center-4&pf_rd_t=60601&pf_rd_i=india.top-rated-indian-movies&ref_=fea_india_ss_wrap_tt_223
Dhamaal,(2007),7.1,www.imdb.com/title/tt0845448/?pf_rd_m=A2FGELUUNOQJNL&pf_rd_p=3055660582&pf_rd_r=0NBHS4NSMKQ377TJ9TYS&pf_rd_s=center-4&pf_rd_t=60601&pf_rd_i=india.top-rated-indian-movies&ref_=fea_india_ss_wrap_tt_224
Gabbar is Back,(2015),7.1,www.imdb.com/title/tt2424988/?pf_rd_m=A2FGELUUNOQJNL&pf_rd_p=3055660582&pf_rd_r=0NBHS4NSMKQ377TJ9TYS&pf_rd_s=center-4&pf_rd_t=60601&pf_rd_i=india.top-rated-indian-movies&ref_=fea_india_ss_wrap_tt_225
Uppi 2,(2015),7.1,www.imdb.com/title/tt4833824/?pf_rd_m=A2FGELUUNOQJNL&pf_rd_p=3055660582&pf_rd_r=0NBHS4NSMKQ377TJ9TYS&pf_rd_s=center-4&pf_rd_t=60601&pf_rd_i=india.top-rated-indian-movies&ref_=fea_india_ss_wrap_tt_226
Dasavatharam,(2008),7.1,www.imdb.com/title/tt0479651/?pf_rd_m=A2FGELUUNOQJNL&pf_rd_p=3055660582&pf_rd_r=0NBHS4NSMKQ377TJ9TYS&pf_rd_s=center-4&pf_rd_t=60601&pf_rd_i=india.top-rated-indian-movies&ref_=fea_india_ss_wrap_tt_227
Raajneeti,(2010),7.1,www.imdb.com/title/tt1291465/?pf_rd_m=A2FGELUUNOQJNL&pf_rd_p=3055660582&pf_rd_r=0NBHS4NSMKQ377TJ9TYS&pf_rd_s=center-4&pf_rd_t=60601&pf_rd_i=india.top-rated-indian-movies&ref_=fea_india_ss_wrap_tt_228
Shootout at Lokhandwala,(2007),7.1,www.imdb.com/title/tt0811066/?pf_rd_m=A2FGELUUNOQJNL&pf_rd_p=3055660582&pf_rd_r=0NBHS4NSMKQ377TJ9TYS&pf_rd_s=center-4&pf_rd_t=60601&pf_rd_i=india.top-rated-indian-movies&ref_=fea_india_ss_wrap_tt_229
Dedh Ishqiya,(2014),7.1,www.imdb.com/title/tt2675978/?pf_rd_m=A2FGELUUNOQJNL&pf_rd_p=3055660582&pf_rd_r=0NBHS4NSMKQ377TJ9TYS&pf_rd_s=center-4&pf_rd_t=60601&pf_rd_i=india.top-rated-indian-movies&ref_=fea_india_ss_wrap_tt_230
Yennai Arindhaal,(2015),7.1,www.imdb.com/title/tt4258292/?pf_rd_m=A2FGELUUNOQJNL&pf_rd_p=3055660582&pf_rd_r=0NBHS4NSMKQ377TJ9TYS&pf_rd_s=center-4&pf_rd_t=60601&pf_rd_i=india.top-rated-indian-movies&ref_=fea_india_ss_wrap_tt_231
Tamasha,(2015),7.1,www.imdb.com/title/tt3148502/?pf_rd_m=A2FGELUUNOQJNL&pf_rd_p=3055660582&pf_rd_r=0NBHS4NSMKQ377TJ9TYS&pf_rd_s=center-4&pf_rd_t=60601&pf_rd_i=india.top-rated-indian-movies&ref_=fea_india_ss_wrap_tt_232
Race Gurram,(2014),7.1,www.imdb.com/title/tt3142764/?pf_rd_m=A2FGELUUNOQJNL&pf_rd_p=3055660582&pf_rd_r=0NBHS4NSMKQ377TJ9TYS&pf_rd_s=center-4&pf_rd_t=60601&pf_rd_i=india.top-rated-indian-movies&ref_=fea_india_ss_wrap_tt_233
Rab Ne Bana Di Jodi,(2008),7.1,www.imdb.com/title/tt1182937/?pf_rd_m=A2FGELUUNOQJNL&pf_rd_p=3055660582&pf_rd_r=0NBHS4NSMKQ377TJ9TYS&pf_rd_s=center-4&pf_rd_t=60601&pf_rd_i=india.top-rated-indian-movies&ref_=fea_india_ss_wrap_tt_234
Wazir,(2016),7.1,www.imdb.com/title/tt0315642/?pf_rd_m=A2FGELUUNOQJNL&pf_rd_p=3055660582&pf_rd_r=0NBHS4NSMKQ377TJ9TYS&pf_rd_s=center-4&pf_rd_t=60601&pf_rd_i=india.top-rated-indian-movies&ref_=fea_india_ss_wrap_tt_235
Gunda,(1998),7.1,www.imdb.com/title/tt0497915/?pf_rd_m=A2FGELUUNOQJNL&pf_rd_p=3055660582&pf_rd_r=0NBHS4NSMKQ377TJ9TYS&pf_rd_s=center-4&pf_rd_t=60601&pf_rd_i=india.top-rated-indian-movies&ref_=fea_india_ss_wrap_tt_236
Koi... Mil Gaya,(2003),7.1,www.imdb.com/title/tt0254481/?pf_rd_m=A2FGELUUNOQJNL&pf_rd_p=3055660582&pf_rd_r=0NBHS4NSMKQ377TJ9TYS&pf_rd_s=center-4&pf_rd_t=60601&pf_rd_i=india.top-rated-indian-movies&ref_=fea_india_ss_wrap_tt_237
Luck by Chance,(2009),7.1,www.imdb.com/title/tt0886539/?pf_rd_m=A2FGELUUNOQJNL&pf_rd_p=3055660582&pf_rd_r=0NBHS4NSMKQ377TJ9TYS&pf_rd_s=center-4&pf_rd_t=60601&pf_rd_i=india.top-rated-indian-movies&ref_=fea_india_ss_wrap_tt_238
Dhobi Ghat,(2010),7.1,www.imdb.com/title/tt1433810/?pf_rd_m=A2FGELUUNOQJNL&pf_rd_p=3055660582&pf_rd_r=0NBHS4NSMKQ377TJ9TYS&pf_rd_s=center-4&pf_rd_t=60601&pf_rd_i=india.top-rated-indian-movies&ref_=fea_india_ss_wrap_tt_239
Table No.21,(2013),7.1,www.imdb.com/title/tt2229842/?pf_rd_m=A2FGELUUNOQJNL&pf_rd_p=3055660582&pf_rd_r=0NBHS4NSMKQ377TJ9TYS&pf_rd_s=center-4&pf_rd_t=60601&pf_rd_i=india.top-rated-indian-movies&ref_=fea_india_ss_wrap_tt_240
Atharintiki Daaredi,(2013),7.1,www.imdb.com/title/tt3042926/?pf_rd_m=A2FGELUUNOQJNL&pf_rd_p=3055660582&pf_rd_r=0NBHS4NSMKQ377TJ9TYS&pf_rd_s=center-4&pf_rd_t=60601&pf_rd_i=india.top-rated-indian-movies&ref_=fea_india_ss_wrap_tt_241
Pokkiri,(2007),7.1,www.imdb.com/title/tt1451409/?pf_rd_m=A2FGELUUNOQJNL&pf_rd_p=3055660582&pf_rd_r=0NBHS4NSMKQ377TJ9TYS&pf_rd_s=center-4&pf_rd_t=60601&pf_rd_i=india.top-rated-indian-movies&ref_=fea_india_ss_wrap_tt_242
Chaar Sahibzaade,(2014),7.1,www.imdb.com/title/tt4168188/?pf_rd_m=A2FGELUUNOQJNL&pf_rd_p=3055660582&pf_rd_r=0NBHS4NSMKQ377TJ9TYS&pf_rd_s=center-4&pf_rd_t=60601&pf_rd_i=india.top-rated-indian-movies&ref_=fea_india_ss_wrap_tt_243
Sanam Teri Kasam,(2016),7.1,www.imdb.com/title/tt5255710/?pf_rd_m=A2FGELUUNOQJNL&pf_rd_p=3055660582&pf_rd_r=0NBHS4NSMKQ377TJ9TYS&pf_rd_s=center-4&pf_rd_t=60601&pf_rd_i=india.top-rated-indian-movies&ref_=fea_india_ss_wrap_tt_244
Hum Tum,(2004),7.1,www.imdb.com/title/tt0378072/?pf_rd_m=A2FGELUUNOQJNL&pf_rd_p=3055660582&pf_rd_r=0NBHS4NSMKQ377TJ9TYS&pf_rd_s=center-4&pf_rd_t=60601&pf_rd_i=india.top-rated-indian-movies&ref_=fea_india_ss_wrap_tt_245
Mohabbatein,(2000),7.1,www.imdb.com/title/tt0213890/?pf_rd_m=A2FGELUUNOQJNL&pf_rd_p=3055660582&pf_rd_r=0NBHS4NSMKQ377TJ9TYS&pf_rd_s=center-4&pf_rd_t=60601&pf_rd_i=india.top-rated-indian-movies&ref_=fea_india_ss_wrap_tt_246
Dil To Pagal Hai,(1997),7.0,www.imdb.com/title/tt0118983/?pf_rd_m=A2FGELUUNOQJNL&pf_rd_p=3055660582&pf_rd_r=0NBHS4NSMKQ377TJ9TYS&pf_rd_s=center-4&pf_rd_t=60601&pf_rd_i=india.top-rated-indian-movies&ref_=fea_india_ss_wrap_tt_247
Tere Naam,(2003),7.0,www.imdb.com/title/tt0374271/?pf_rd_m=A2FGELUUNOQJNL&pf_rd_p=3055660582&pf_rd_r=0NBHS4NSMKQ377TJ9TYS&pf_rd_s=center-4&pf_rd_t=60601&pf_rd_i=india.top-rated-indian-movies&ref_=fea_india_ss_wrap_tt_248
Rustom,(2016),7.0,www.imdb.com/title/tt5165344/?pf_rd_m=A2FGELUUNOQJNL&pf_rd_p=3055660582&pf_rd_r=0NBHS4NSMKQ377TJ9TYS&pf_rd_s=center-4&pf_rd_t=60601&pf_rd_i=india.top-rated-indian-movies&ref_=fea_india_ss_wrap_tt_249
Karthik Calling Karthik,(2010),7.0,www.imdb.com/title/tt1373156/?pf_rd_m=A2FGELUUNOQJNL&pf_rd_p=3055660582&pf_rd_r=0NBHS4NSMKQ377TJ9TYS&pf_rd_s=center-4&pf_rd_t=60601&pf_rd_i=india.top-rated-indian-movies&ref_=fea_india_ss_wrap_tt_250
